method,generation,evaluations,best_so_far_mean,best_so_far_sd,unique_fraction_mean,unique_fraction_sd,mean_modules_mean,mean_modules_sd
ea_k2,0,50,15.72921156930994,0.28035697085446587,0.968,0.036331804249169895,10.668,0.6891443970605865
ea_k2,1,100,15.46782436814497,0.2634937242149556,0.996,0.008944271909999166,9.608,0.25400787389370444
ea_k2,2,150,15.301905423905135,0.39689731946510703,0.96,0.024494897427831803,9.008000000000001,0.7664985322882232
ea_k2,3,200,15.214318666053583,0.48391607565050676,0.996,0.008944271909999166,8.975999999999999,0.7575486783039092
ea_k2,4,250,14.795624686068733,0.16958526054887924,0.988,0.010954451150103331,9.444,0.8041641623449779
ea_k2,5,300,14.632876893857762,0.23533322857809424,1.0,0.0,9.652,0.8194632389558425
ea_k2,6,350,14.632876893857762,0.23533322857809424,0.988,0.017888543819998333,9.668,0.7218864176586226
ea_k2,7,400,14.589436379187031,0.2203870897718601,0.992,0.010954451150103331,10.044,1.1381915480269569
ea_k2,8,450,14.589436379187031,0.2203870897718601,0.996,0.008944271909999166,9.948,1.216355211276706
ea_k2,9,500,14.581923767929863,0.2127604297500545,0.988,0.010954451150103331,9.911999999999999,0.9910196768984961
ea_k2,10,550,14.494435059289437,0.299664460155156,0.996,0.008944271909999166,10.264,0.8066473826896113
ea_k2,11,600,14.327044037756144,0.21969248489904308,0.988,0.017888543819998333,10.036,0.643801211555244
ea_k2,12,650,14.289198365174359,0.23751914177716224,0.996,0.008944271909999166,9.972,0.6162142484558437
ea_k2,13,700,14.146475777812059,0.1318631248607766,0.996,0.008944271909999166,9.948,0.2951609730299719
ea_k2,14,750,14.039938615186218,0.21326391102932124,0.996,0.008944271909999166,10.048,0.7275438131136843
ea_k2,15,800,13.824211532552821,0.11243304582479223,0.984,0.016733200530681527,10.136,0.6482900585386141
ea_k2,16,850,13.824211532552821,0.11243304582479223,0.984,0.026076809620810618,10.256,0.663535982445564
ea_k2,17,900,13.824211532552821,0.11243304582479223,0.988,0.017888543819998333,10.624,0.86768657935916
ea_k2,18,950,13.789854243699843,0.11505292984107017,1.0,0.0,10.74,0.7713624310270754
ea_k2,19,1000,13.756905438820672,0.1579569335407515,0.996,0.008944271909999166,10.588,1.0803332819088747
ea_k2,20,1050,13.647604349872624,0.19786642240589875,1.0,0.0,11.084,0.8933532336091917
ea_k2,21,1100,13.647604349872624,0.19786642240589875,0.988,0.010954451150103331,11.108,0.8579743585912112
ea_k2,22,1150,13.647369185616633,0.19753346648694659,0.992,0.010954451150103331,11.276,1.0451220024475611
ea_k2,23,1200,13.599809502535706,0.15414256137971002,0.996,0.008944271909999166,11.504,0.8566679636825456
ea_k2,24,1250,13.599809502535706,0.15414256137971002,0.988,0.017888543819998333,11.42,1.0110390694725895
ea_k2,25,1300,13.599809502535706,0.15414256137971002,0.98,0.014142135623730963,11.235999999999999,1.1908316421728138
ea_k2,26,1350,13.576374267884043,0.13572458867170706,0.988,0.017888543819998333,11.08,1.1578428218026833
ea_k2,27,1400,13.513340791772436,0.17937139591107917,0.992,0.010954451150103331,11.136,0.9147021373102827
ea_k2,28,1450,13.456749642698277,0.1944082555059494,0.992,0.010954451150103331,10.904,0.9162314118169053
ea_k2,29,1500,13.45043738552544,0.2011651135338866,0.992,0.010954451150103331,11.2,0.9871170143402451
ea_k2,30,1550,13.45043738552544,0.2011651135338866,0.98,0.014142135623730963,11.148,0.7728648005958094
ea_k2,31,1600,13.45043738552544,0.2011651135338866,0.988,0.017888543819998333,10.788,0.6225110440787379
ea_k2,32,1650,13.45043738552544,0.2011651135338866,0.992,0.017888543819998333,10.744,1.052938744657067
ea_k2,33,1700,13.45043738552544,0.2011651135338866,0.988,0.010954451150103331,10.364,0.8984876181673287
ea_k2,34,1750,13.443995472613022,0.20882036081552707,0.98,0.020000000000000018,10.52,1.0104454463255297
ea_k2,35,1800,13.379182677257308,0.21823454274912538,0.996,0.008944271909999166,10.828,0.9486411334113654
ea_k2,36,1850,13.379182677257308,0.21823454274912538,0.996,0.008944271909999166,10.620000000000001,0.9830564581955605
ea_k2,37,1900,13.364544181180033,0.22085383175942044,1.0,0.0,10.684,0.5056480989779356
ea_k2,38,1950,13.364544181180033,0.22085383175942044,1.0,0.0,10.536,0.6562621427448024
ea_k2,39,2000,13.331969557891746,0.24295152978590587,0.988,0.010954451150103331,10.584,1.0043306228528528
ea_k2,40,2050,13.331969557891746,0.24295152978590587,0.984,0.026076809620810618,10.616,0.900155542114806
ea_k2,41,2100,13.305557419425266,0.25371405912758455,0.98,0.014142135623730963,10.652,0.7198055292924613
ea_k2,42,2150,13.305557419425266,0.25371405912758455,0.996,0.008944271909999166,10.824,0.8037910176158977
ea_k2,43,2200,13.251271140802103,0.3185016137635634,0.996,0.008944271909999166,10.852,0.5341535359800588
ea_k2,44,2250,13.251271140802103,0.3185016137635634,0.988,0.017888543819998333,11.332,0.3372239611889997
ea_k2,45,2300,13.251271140802103,0.3185016137635634,0.996,0.008944271909999166,11.244,0.3528172331391989
ea_k2,46,2350,13.251271140802103,0.3185016137635634,0.98,0.014142135623730963,11.283999999999999,0.5911683347406219
ea_k2,47,2400,13.251271140802103,0.3185016137635634,0.992,0.010954451150103331,11.236,0.9945250122545938
ea_k2,48,2450,13.178895573332332,0.37685205465102856,0.988,0.017888543819998333,11.3,0.5446099521676045
ea_k2,49,2500,13.178895573332332,0.37685205465102856,0.988,0.010954451150103331,11.176,0.5719090836837617
ea_k2,50,2550,13.178895573332332,0.37685205465102856,0.992,0.017888543819998333,11.288,0.8589062812670539
ea_k2,51,2600,13.178895573332332,0.37685205465102856,0.98,0.024494897427831803,10.892,0.5430653735969548
ea_k2,52,2650,13.178895573332332,0.37685205465102856,0.984,0.03577708763999662,11.164,0.6124377519389217
ea_k2,53,2700,13.161672056535147,0.34457884193382066,0.988,0.017888543819998333,11.136,0.47210168396225816
ea_k2,54,2750,13.161672056535147,0.34457884193382066,0.988,0.010954451150103331,11.216000000000001,1.2210978666757224
ea_k2,55,2800,13.161672056535147,0.34457884193382066,0.992,0.010954451150103331,11.072000000000001,0.8933756208896679
ea_k2,56,2850,13.161672056535147,0.34457884193382066,0.98,0.014142135623730963,11.1,0.9045440840556089
ea_k2,57,2900,13.161672056535147,0.34457884193382066,0.992,0.017888543819998333,11.064,1.0748395229056291
ea_k2,58,2950,13.161672056535147,0.34457884193382066,0.984,0.016733200530681527,10.988,0.9790403464617786
ea_k2,59,3000,13.161672056535147,0.34457884193382066,0.988,0.017888543819998333,11.084,0.593194740367782
ea_k2,60,3050,13.151079039998457,0.3429654645561433,0.996,0.008944271909999166,11.172,0.7334302966199305
ea_k2,61,3100,13.040452247980618,0.3940393848123614,0.98,0.014142135623730963,11.024000000000001,0.6947517542259248
ea_k2,62,3150,12.981742889901497,0.39144040590881934,0.996,0.008944271909999166,10.968,0.634602237626058
ea_k2,63,3200,12.981742889901497,0.39144040590881934,0.996,0.008944271909999166,11.012,0.4794997393117124
ea_k2,64,3250,12.981742889901497,0.39144040590881934,0.984,0.008944271909999166,10.708,0.6184820126729638
ea_k2,65,3300,12.981742889901497,0.39144040590881934,0.984,0.016733200530681527,10.895999999999999,0.7698571296026299
ea_k2,66,3350,12.981742889901497,0.39144040590881934,0.996,0.008944271909999166,11.248000000000001,0.48199585060454636
ea_k2,67,3400,12.981742889901497,0.39144040590881934,0.976,0.035777087639996624,11.256,0.39884834210511655
ea_k2,68,3450,12.981742889901497,0.39144040590881934,0.992,0.010954451150103331,11.427999999999999,0.6887089370699353
ea_k2,69,3500,12.981742889901497,0.39144040590881934,0.992,0.010954451150103331,11.056000000000001,0.6424017434596515
ea_k2,70,3550,12.981742889901497,0.39144040590881934,0.992,0.010954451150103331,10.94,0.8885943956609224
ea_k2,71,3600,12.910359811429798,0.25306599200921004,0.988,0.017888543819998333,10.812,1.3250358485716531
ea_k2,72,3650,12.883285285033924,0.2882537965468496,0.996,0.008944271909999166,10.876,0.8905503916118389
ea_k2,73,3700,12.883285285033924,0.2882537965468496,0.988,0.010954451150103331,11.348,0.9988593494581703
ea_k2,74,3750,12.883285285033924,0.2882537965468496,0.992,0.010954451150103331,11.372,1.1061283831454647
ea_k2,75,3800,12.883285285033924,0.2882537965468496,0.992,0.010954451150103331,11.556000000000001,1.1974472848522397
ea_k2,76,3850,12.883285285033924,0.2882537965468496,0.992,0.010954451150103331,11.576,0.7369396176078474
ea_k2,77,3900,12.883285285033924,0.2882537965468496,0.988,0.010954451150103331,11.648,0.9907169121398904
ea_k2,78,3950,12.883285285033924,0.2882537965468496,0.992,0.010954451150103331,11.684,0.6911439792112786
ea_k2,79,4000,12.883285285033924,0.2882537965468496,0.996,0.008944271909999166,11.888,0.8412609583238723
ea_k2,80,4050,12.828618271341325,0.3231173506113333,0.984,0.016733200530681527,11.88,0.6832276341015489
ea_k2,81,4100,12.828618271341325,0.3231173506113333,0.988,0.010954451150103331,11.808,0.872077978164797
ea_k2,82,4150,12.828618271341325,0.3231173506113333,0.988,0.010954451150103331,11.516,0.7355814027012911
ea_k2,83,4200,12.828618271341325,0.3231173506113333,0.988,0.0268328157299975,11.696,0.8320336531655438
ea_k2,84,4250,12.805636663293036,0.32279254682663555,0.984,0.016733200530681527,11.268,0.9279655166006977
ea_k2,85,4300,12.805636663293036,0.32279254682663555,0.988,0.017888543819998333,11.428,0.8439905212737875
ea_k2,86,4350,12.805636663293036,0.32279254682663555,0.984,0.016733200530681527,11.5,1.095079905760306
ea_k2,87,4400,12.805636663293036,0.32279254682663555,0.984,0.016733200530681527,11.3,1.3630113719261476
ea_k2,88,4450,12.805636663293036,0.32279254682663555,0.976,0.04335896677735759,11.48,1.233531515608742
ea_k2,89,4500,12.805636663293036,0.32279254682663555,1.0,0.0,11.388,0.8700114941769447
ea_k2,90,4550,12.805636663293036,0.32279254682663555,0.996,0.008944271909999166,11.5,1.0935264057168441
ea_k2,91,4600,12.783656273021181,0.32615385070323233,0.996,0.008944271909999166,11.388,1.038132939463921
ea_k2,92,4650,12.763554480620138,0.3467758224581012,0.992,0.010954451150103331,11.436,1.0801296218510068
ea_k2,93,4700,12.763554480620138,0.3467758224581012,0.992,0.010954451150103331,11.544,0.9684420478273338
ea_k2,94,4750,12.763554480620138,0.3467758224581012,0.992,0.010954451150103331,11.532,1.083475888056582
ea_k2,95,4800,12.763554480620138,0.3467758224581012,0.984,0.016733200530681527,11.196,0.9556568421771484
ea_k2,96,4850,12.763554480620138,0.3467758224581012,0.992,0.010954451150103331,11.436,0.9693709300365885
ea_k2,97,4900,12.763554480620138,0.3467758224581012,0.992,0.010954451150103331,11.52,1.0599056561788882
ea_k2,98,4950,12.683554480620138,0.4061580568762862,1.0,0.0,11.548,1.4550326456818767
ea_k2,99,5000,12.683554480620138,0.4061580568762862,0.992,0.010954451150103331,11.86,1.177454882362802
ea_k2,100,5050,12.683554480620138,0.4061580568762862,0.996,0.008944271909999166,11.84,1.2469963913339925
ea_k5,0,50,15.72921156930994,0.28035697085446587,0.968,0.036331804249169895,10.668,0.6891443970605865
ea_k5,1,100,15.146899796199675,0.30901014722811343,0.992,0.010954451150103331,9.584,1.2714873180649506
ea_k5,2,150,14.899437597513359,0.28249174192078336,0.992,0.010954451150103331,9.928,1.2360097086997337
ea_k5,3,200,14.745527879170707,0.26862814432778465,0.98,0.014142135623730963,10.632,1.2005498740160696
ea_k5,4,250,14.511353602502615,0.26031979508303005,0.992,0.017888543819998333,10.78,0.8353442404182839
ea_k5,5,300,14.388335027294001,0.24313433710158863,0.976,0.021908902300206663,10.688,0.7723470722414895
ea_k5,6,350,14.328610323481762,0.25617111501699413,0.984,0.016733200530681527,10.592,0.7253412989758681
ea_k5,7,400,14.200354706411924,0.4220063219879953,0.988,0.017888543819998333,10.58,0.7685050422736341
ea_k5,8,450,14.076634289365039,0.4111340562840951,0.976,0.021908902300206663,10.9,0.5067543783727967
ea_k5,9,500,14.069443830844392,0.40371970417839614,0.984,0.008944271909999166,10.748,0.7790507043832253
ea_k5,10,550,14.031165413734351,0.37240148807577855,0.952,0.03346640106136301,10.768,0.6520122698231994
ea_k5,11,600,13.941801303052793,0.3538360336481472,0.984,0.026076809620810618,10.84,0.8408329203831164
ea_k5,12,650,13.84474973253314,0.4172872024559918,0.964,0.026076809620810618,11.216,1.0447392019063901
ea_k5,13,700,13.78248478396043,0.408781861594438,0.972,0.017888543819998333,11.356,0.7556983525190458
ea_k5,14,750,13.7425596878258,0.3530009903411124,0.976,0.016733200530681527,11.508,0.8613477810965782
ea_k5,15,800,13.7425596878258,0.3530009903411124,0.972,0.04147288270665543,11.564,1.1632196697098964
ea_k5,16,850,13.68972332288342,0.29032000961780424,0.972,0.03346640106136301,11.992,1.1179982110898028
ea_k5,17,900,13.642957534243664,0.30132451917265507,0.984,0.016733200530681527,11.38,0.9681941953967705
ea_k5,18,950,13.54203149661711,0.389209239630066,0.996,0.008944271909999166,11.544,1.1742572120280972
ea_k5,19,1000,13.531694861052044,0.37673706645884836,0.98,0.028284271247461926,11.42,0.8021221852062196
ea_k5,20,1050,13.520077560447342,0.3639635309515948,0.964,0.03286335345030996,11.116,0.954714617045324
ea_k5,21,1100,13.49772414536114,0.3436003266956648,0.984,0.016733200530681527,11.219999999999999,0.8698275691193055
ea_k5,22,1150,13.427207473162666,0.276113849102104,0.992,0.010954451150103331,11.408,0.9651528376376458
ea_k5,23,1200,13.427207473162666,0.276113849102104,0.98,0.020000000000000018,11.12,0.8186574375158393
ea_k5,24,1250,13.413719990324392,0.27227753887656714,0.98,0.014142135623730963,11.54,0.7418894796396562
ea_k5,25,1300,13.383165914234025,0.26961202604691686,0.972,0.03346640106136301,11.644,0.848928736702911
ea_k5,26,1350,13.366576455104047,0.2670779021253043,0.96,0.028284271247461926,11.62,0.7928429857165918
ea_k5,27,1400,13.334606487025034,0.29710334041579745,0.964,0.05366563145999496,11.78,0.8925245094673869
ea_k5,28,1450,13.334606487025034,0.29710334041579745,0.96,0.046904157598234276,11.888,0.8516572080361913
ea_k5,29,1500,13.31766015423607,0.2655095014723926,0.964,0.029664793948382638,11.84,0.7251206796113321
ea_k5,30,1550,13.311182477161115,0.26678002755014885,0.952,0.010954451150103331,11.74,0.6619667665374147
ea_k5,31,1600,13.311182477161115,0.26678002755014885,0.964,0.03577708763999663,11.788,0.6992281458865912
ea_k5,32,1650,13.293043166116915,0.29787872012978206,0.98,0.024494897427831803,12.008,0.6418099407145386
ea_k5,33,1700,13.215940475846466,0.32668575842087433,0.98,0.014142135623730963,11.876,0.71824786807898
ea_k5,34,1750,13.215940475846466,0.32668575842087433,0.98,0.020000000000000018,12.236,0.6539724764850587
ea_k5,35,1800,13.209596250799773,0.32600931451778004,0.968,0.02280350850198278,12.232000000000001,0.8713896946831537
ea_k5,36,1850,13.180848682077624,0.273733630567792,0.984,0.021908902300206663,12.252,0.6947805408904308
ea_k5,37,1900,13.17185888722196,0.2708088496985055,0.98,0.014142135623730963,12.276,0.7835049457406124
ea_k5,38,1950,13.113516676770809,0.3731582866020223,0.988,0.0268328157299975,12.256,0.4048209480745781
ea_k5,39,2000,13.102109267533116,0.36976436814587166,0.996,0.008944271909999166,12.396,0.6889702460919486
ea_k5,40,2050,13.102109267533116,0.36976436814587166,0.972,0.04147288270665543,12.332,0.7063426930322136
ea_k5,41,2100,13.069923927194516,0.36336964236757124,0.98,0.020000000000000018,12.316,0.5265738314804487
ea_k5,42,2150,13.058005568349207,0.3437406580496455,0.988,0.017888543819998333,12.348,0.7828920742988779
ea_k5,43,2200,12.931912762645862,0.24150325725930027,0.984,0.016733200530681527,12.452,0.6506304634736986
ea_k5,44,2250,12.92894904864208,0.23956296983296757,0.984,0.021908902300206663,12.456,0.8345537729829033
ea_k5,45,2300,12.92894904864208,0.23956296983296757,0.972,0.03346640106136301,12.744,1.1131397037209656
ea_k5,46,2350,12.92894904864208,0.23956296983296757,0.968,0.017888543819998333,12.768,0.9567235755431138
ea_k5,47,2400,12.883204806989784,0.3343165793486748,0.98,0.020000000000000018,12.528,0.853065061997032
ea_k5,48,2450,12.883204806989784,0.3343165793486748,0.976,0.03286335345030995,12.612,0.9071493813038733
ea_k5,49,2500,12.883204806989784,0.3343165793486748,0.976,0.026076809620810618,12.712,1.125308846495041
ea_k5,50,2550,12.883204806989784,0.3343165793486748,0.976,0.016733200530681527,12.552,0.8177530189488758
ea_k5,51,2600,12.84929761269313,0.34449200862440177,0.964,0.043358966777357594,12.904,0.8191947265455265
ea_k5,52,2650,12.84929761269313,0.34449200862440177,0.964,0.026076809620810618,12.724,0.8371857619429515
ea_k5,53,2700,12.84929761269313,0.34449200862440177,0.976,0.021908902300206663,12.764000000000001,0.8862730956087974
ea_k5,54,2750,12.824566627891256,0.3340319838182682,0.976,0.021908902300206663,12.708,1.2199672126741765
ea_k5,55,2800,12.824566627891256,0.3340319838182682,0.976,0.032863353450309996,12.572000000000001,0.8320576903075891
ea_k5,56,2850,12.824566627891256,0.3340319838182682,0.968,0.017888543819998333,12.82,1.003294572894721
ea_k5,57,2900,12.824566627891256,0.3340319838182682,0.972,0.010954451150103331,12.532,0.9800612225774471
ea_k5,58,2950,12.824566627891256,0.3340319838182682,0.968,0.0268328157299975,12.592,0.8003249340111805
ea_k5,59,3000,12.824566627891256,0.3340319838182682,0.976,0.021908902300206663,12.86,1.0482366145102922
ea_k5,60,3050,12.824566627891256,0.3340319838182682,0.976,0.021908902300206663,12.776,1.4264220974171706
ea_k5,61,3100,12.75102506285063,0.2748296262343586,0.98,0.014142135623730963,12.908000000000001,1.490006711394281
ea_k5,62,3150,12.75102506285063,0.2748296262343586,0.948,0.026832815729997444,12.732,1.0863332821929004
ea_k5,63,3200,12.75102506285063,0.2748296262343586,0.984,0.021908902300206663,12.876,1.0942942931405613
ea_k5,64,3250,12.75102506285063,0.2748296262343586,0.976,0.026076809620810618,12.968,0.6698656581733387
ea_k5,65,3300,12.75102506285063,0.2748296262343586,0.968,0.02280350850198278,12.712,0.6472402954081273
ea_k5,66,3350,12.75102506285063,0.2748296262343586,0.96,0.0374165738677394,13.108,0.515286328171047
ea_k5,67,3400,12.75102506285063,0.2748296262343586,0.98,0.024494897427831803,13.212,0.5636665681056487
ea_k5,68,3450,12.75102506285063,0.2748296262343586,0.956,0.038470768123342686,12.796,0.8289028893664206
ea_k5,69,3500,12.727644100747536,0.2745941869863997,0.968,0.010954451150103331,13.08,0.9098351499035413
ea_k5,70,3550,12.727644100747536,0.2745941869863997,0.956,0.03286335345030995,12.708,1.0200588218333295
ea_k5,71,3600,12.727644100747536,0.2745941869863997,0.968,0.036331804249169895,13.052,0.5581397674418123
ea_k5,72,3650,12.724398547544169,0.2807005871252477,0.976,0.021908902300206663,13.084,0.5935318020123268
ea_k5,73,3700,12.724398547544169,0.2807005871252477,0.988,0.010954451150103331,12.856,0.7931456360593555
ea_k5,74,3750,12.724398547544169,0.2807005871252477,0.992,0.010954451150103331,13.12,0.5849786320883867
ea_k5,75,3800,12.724398547544169,0.2807005871252477,0.992,0.010954451150103331,13.144,0.994625557684901
ea_k5,76,3850,12.724398547544169,0.2807005871252477,0.976,0.026076809620810618,12.94,0.89855439456941
ea_k5,77,3900,12.70575909935859,0.2871491672665635,0.964,0.021908902300206663,12.988,0.8295299874025048
ea_k5,78,3950,12.70575909935859,0.2871491672665635,0.968,0.0268328157299975,12.884,0.9338522367055725
ea_k5,79,4000,12.70575909935859,0.2871491672665635,0.976,0.021908902300206663,12.868,0.8848276668368819
ea_k5,80,4050,12.701718278781245,0.28739252623295597,0.968,0.04147288270665543,13.124,0.9402552844839537
ea_k5,81,4100,12.701718278781245,0.28739252623295597,0.96,0.034641016151377525,13.176,0.801049311840414
ea_k5,82,4150,12.701718278781245,0.28739252623295597,0.972,0.02280350850198278,12.688,0.6484751344500423
ea_k5,83,4200,12.683738689069918,0.29188384836302916,0.952,0.036331804249169895,12.844,0.9653393185818134
ea_k5,84,4250,12.683738689069918,0.29188384836302916,0.9319999999999999,0.033466401061363,13.008,0.5940707028628833
ea_k5,85,4300,12.683738689069918,0.29188384836302916,0.984,0.021908902300206663,13.028,0.4323424568556735
ea_k5,86,4350,12.683738689069918,0.29188384836302916,0.98,0.014142135623730963,12.996,0.3642526595647586
ea_k5,87,4400,12.683738689069918,0.29188384836302916,0.98,0.024494897427831803,13.148,0.43395852336369667
ea_k5,88,4450,12.683738689069918,0.29188384836302916,0.984,0.016733200530681527,12.82,0.7039886362719218
ea_k5,89,4500,12.683738689069918,0.29188384836302916,0.972,0.0268328157299975,12.96,0.9488940931421167
ea_k5,90,4550,12.683738689069918,0.29188384836302916,0.972,0.02280350850198278,12.664,0.7377533463156911
ea_k5,91,4600,12.683738689069918,0.29188384836302916,0.96,0.014142135623730963,12.796,0.7949087998003294
ea_k5,92,4650,12.683738689069918,0.29188384836302916,0.964,0.016733200530681527,12.68,0.5486346689738082
ea_k5,93,4700,12.683738689069918,0.29188384836302916,0.976,0.008944271909999166,12.608,0.7595524998313155
ea_k5,94,4750,12.65520181845858,0.3097785475656777,0.968,0.02280350850198278,12.844,0.5185364018080121
ea_k5,95,4800,12.65520181845858,0.3097785475656777,0.952,0.03346640106136301,12.764000000000001,0.26510375327407193
ea_k5,96,4850,12.65520181845858,0.3097785475656777,0.968,0.02280350850198278,13.036,0.6876627080189824
ea_k5,97,4900,12.595201818458582,0.40895356863669485,0.984,0.016733200530681527,13.036,0.6047148088148664
ea_k5,98,4950,12.595201818458582,0.40895356863669485,0.944,0.04335896677735758,13.152000000000001,0.533778980477875
ea_k5,99,5000,12.595201818458582,0.40895356863669485,0.964,0.043358966777357594,13.048,0.7311087470410953
ea_k5,100,5050,12.595201818458582,0.40895356863669485,0.976,0.026076809620810618,12.74,0.8282511696339457
random,0,50,15.72921156930994,0.28035697085446587,0.968,0.036331804249169895,10.668,0.6891443970605865
random,1,100,15.470306853779848,0.22289463127384362,0.9359999999999999,0.021908902300206617,10.512,0.21614809737770088
random,2,150,15.326392077443268,0.20895467837602896,0.972,0.030331501776206228,10.367999999999999,0.6447635225414043
random,3,200,15.301612904604466,0.18804041468933777,0.948,0.01788854381999829,10.272,0.7932969179317417
random,4,250,15.218415403832791,0.23780424351660115,0.964,0.03577708763999663,10.616,0.4519734505477069
random,5,300,15.177342877228437,0.21856158430165426,0.96,0.020000000000000018,10.444,0.3993494710150497
random,6,350,15.168401784373374,0.2256036252482267,0.972,0.02280350850198278,10.312,0.8349371233811557
random,7,400,15.118921605897953,0.2627867866371775,0.988,0.017888543819998333,10.888,0.6582704611328086
random,8,450,15.118921605897953,0.2627867866371775,0.98,0.020000000000000018,10.44,0.8633655077659746
random,9,500,15.020470551448197,0.32345109948450435,0.94,0.03162277660168377,10.172,0.8843754858655907
random,10,550,15.020470551448197,0.32345109948450435,0.976,0.016733200530681527,10.416,0.5024738799181507
random,11,600,15.020470551448197,0.32345109948450435,0.988,0.010954451150103331,10.436,0.8180953489661212
random,12,650,14.963273140130159,0.21941821704700257,0.972,0.02280350850198278,10.244,0.7161564074976924
random,13,700,14.963273140130159,0.21941821704700257,0.964,0.008944271909999166,10.224,0.43298960726557867
random,14,750,14.719475260447588,0.41752889081416455,0.964,0.03577708763999663,10.924,0.7060311607854142
random,15,800,14.719475260447588,0.41752889081416455,0.964,0.021908902300206663,10.436,0.6380282125423612
random,16,850,14.719475260447588,0.41752889081416455,0.984,0.026076809620810618,10.628,1.0540018975314986
random,17,900,14.718464484840773,0.41765724087670375,0.992,0.017888543819998333,10.676,0.8319134570374491
random,18,950,14.718464484840773,0.41765724087670375,0.992,0.017888543819998333,10.652,0.5332166539034578
random,19,1000,14.718464484840773,0.41765724087670375,0.968,0.030331501776206186,10.624,0.7265535080088734
random,20,1050,14.718464484840773,0.41765724087670375,0.984,0.016733200530681527,10.184,0.7428862631654994
random,21,1100,14.718464484840773,0.41765724087670375,0.976,0.04335896677735759,10.052,1.0978706663355204
random,22,1150,14.709462375169798,0.40874565102053556,0.936,0.03286335345030994,9.928,0.829047646399168
random,23,1200,14.709462375169798,0.40874565102053556,0.968,0.030331501776206228,10.196,0.5824774673753486
random,24,1250,14.615612172760633,0.3722342778437092,0.972,0.02280350850198278,10.655999999999999,0.4501999555752975
random,25,1300,14.615612172760633,0.3722342778437092,0.964,0.016733200530681527,10.804,0.9116358922289097
random,26,1350,14.615612172760633,0.3722342778437092,0.96,0.014142135623730963,10.34,0.7679843748410511
random,27,1400,14.615612172760633,0.3722342778437092,0.968,0.030331501776206228,10.108,1.0019580829555699
random,28,1450,14.615612172760633,0.3722342778437092,0.964,0.06066300355241241,10.984,0.3943095230906803
random,29,1500,14.615612172760633,0.3722342778437092,0.98,0.020000000000000018,10.696,0.9905957803261629
random,30,1550,14.615612172760633,0.3722342778437092,0.976,0.008944271909999166,10.66,0.40816663263917113
random,31,1600,14.400100344275092,0.30241177884853526,0.956,0.026076809620810618,10.04,1.3285330255586425
random,32,1650,14.400100344275092,0.30241177884853526,0.956,0.02607680962081058,9.872,0.5469186411158431
random,33,1700,14.400100344275092,0.30241177884853526,0.964,0.026076809620810618,11.004,0.9677189674693784
random,34,1750,14.400100344275092,0.30241177884853526,0.96,0.020000000000000018,10.564,0.9338522367055725
random,35,1800,14.400100344275092,0.30241177884853526,0.976,0.026076809620810618,10.416,0.8536275534447091
random,36,1850,14.400100344275092,0.30241177884853526,0.988,0.0268328157299975,10.312,0.5352756299328412
random,37,1900,14.400100344275092,0.30241177884853526,0.96,0.03741657386773942,11.064,0.70333491311039
random,38,1950,14.400100344275092,0.30241177884853526,0.964,0.016733200530681527,10.484,0.5850470066584391
random,39,2000,14.400100344275092,0.30241177884853526,0.964,0.03286335345030996,10.688,1.2578235170324967
random,40,2050,14.400100344275092,0.30241177884853526,0.968,0.03346640106136301,10.648,0.6213855485928204
random,41,2100,14.400100344275092,0.30241177884853526,0.984,0.021908902300206663,10.92,0.9473119866232032
random,42,2150,14.400100344275092,0.30241177884853526,0.976,0.026076809620810618,10.704,0.8344339398658233
random,43,2200,14.400100344275092,0.30241177884853526,0.976,0.03286335345030995,10.912,1.077459976054795
random,44,2250,14.400100344275092,0.30241177884853526,0.976,0.021908902300206663,10.712,0.4439819816163714
random,45,2300,14.400100344275092,0.30241177884853526,0.976,0.03286335345030995,10.9,0.46583258795408466
random,46,2350,14.400100344275092,0.30241177884853526,0.976,0.026076809620810618,10.564,0.7503865670439472
random,47,2400,14.400100344275092,0.30241177884853526,0.968,0.017888543819998333,10.576,0.8047856857573946
random,48,2450,14.400100344275092,0.30241177884853526,0.956,0.03286335345030997,10.66,0.6074537019394979
random,49,2500,14.400100344275092,0.30241177884853526,0.952,0.036331804249169895,10.82,1.4306641814206438
random,50,2550,14.400100344275092,0.30241177884853526,0.972,0.0268328157299975,10.488,1.002456981620658
random,51,2600,14.400100344275092,0.30241177884853526,0.976,0.021908902300206663,10.847999999999999,0.5930598620712756
random,52,2650,14.400100344275092,0.30241177884853526,0.976,0.04335896677735759,10.66,0.6661831579978589
random,53,2700,14.400100344275092,0.30241177884853526,0.976,0.032863353450309996,10.22,0.7341661937191057
random,54,2750,14.400100344275092,0.30241177884853526,0.968,0.017888543819998333,9.74,0.8330666239863413
random,55,2800,14.400100344275092,0.30241177884853526,0.96,0.014142135623730963,10.404,0.9781001993660974
random,56,2850,14.400100344275092,0.30241177884853526,0.96,0.028284271247461888,10.136000000000001,1.295098451856074
random,57,2900,14.400100344275092,0.30241177884853526,0.968,0.02280350850198278,10.908,0.7892528112081698
random,58,2950,14.400100344275092,0.30241177884853526,0.96,0.031622776601683784,10.592,0.5298301614668611
random,59,3000,14.400100344275092,0.30241177884853526,0.984,0.016733200530681527,10.576,0.5183435154412562
random,60,3050,14.400100344275092,0.30241177884853526,0.964,0.03286335345030996,10.332,0.7741576066925913
random,61,3100,14.400100344275092,0.30241177884853526,0.96,0.031622776601683784,10.004,0.6600606032782143
random,62,3150,14.400100344275092,0.30241177884853526,0.98,0.020000000000000018,10.836,0.9907976584550453
random,63,3200,14.400100344275092,0.30241177884853526,0.968,0.02280350850198278,10.568,0.8547046273421011
random,64,3250,14.400100344275092,0.30241177884853526,0.996,0.008944271909999166,10.58,0.5327288240746877
random,65,3300,14.400100344275092,0.30241177884853526,0.944,0.03847076812334267,9.844,0.5710341495917736
random,66,3350,14.390683878762236,0.2864106790794335,0.98,0.020000000000000018,10.592,1.1646115232127838
random,67,3400,14.390683878762236,0.2864106790794335,0.98,0.020000000000000018,10.532,0.45488460075056425
random,68,3450,14.390683878762236,0.2864106790794335,0.96,0.03741657386773939,10.716,0.8335946257024455
random,69,3500,14.390683878762236,0.2864106790794335,0.948,0.022803508501982747,10.532,0.5572432144046258
random,70,3550,14.390683878762236,0.2864106790794335,0.976,0.026076809620810618,10.44,1.067988763985839
random,71,3600,14.390683878762236,0.2864106790794335,0.996,0.008944271909999166,10.648,1.0701962436861756
random,72,3650,14.390683878762236,0.2864106790794335,0.952,0.02280350850198274,10.48,0.7248448109768046
random,73,3700,14.390683878762236,0.2864106790794335,0.972,0.03346640106136301,10.288,0.5243281415297101
random,74,3750,14.390683878762236,0.2864106790794335,0.976,0.04335896677735759,10.008,0.7872229671446332
random,75,3800,14.390683878762236,0.2864106790794335,0.972,0.017888543819998333,10.784,1.045600306044331
random,76,3850,14.390683878762236,0.2864106790794335,0.948,0.030331501776206186,10.024,1.2981833460647998
random,77,3900,14.390683878762236,0.2864106790794335,0.96,0.024494897427831758,11.02,1.3240090634130872
random,78,3950,14.390683878762236,0.2864106790794335,0.968,0.0268328157299975,10.236,0.999839987197952
random,79,4000,14.390683878762236,0.2864106790794335,0.976,0.008944271909999166,10.736,0.5239083889383717
random,80,4050,14.390683878762236,0.2864106790794335,0.98,0.028284271247461926,10.612,0.6735874108087235
random,81,4100,14.390683878762236,0.2864106790794335,0.952,0.054037024344425186,10.28,0.296647939483826
random,82,4150,14.390683878762236,0.2864106790794335,0.972,0.02280350850198278,10.696,0.6762248146881328
random,83,4200,14.390683878762236,0.2864106790794335,0.972,0.038987177379235856,10.607999999999999,0.8825644452389865
random,84,4250,14.382221153708265,0.2811232818123168,0.988,0.010954451150103331,11.196,0.8140515954164083
random,85,4300,14.382221153708265,0.2811232818123168,0.964,0.029664793948382638,10.612,0.5640212761944359
random,86,4350,14.382221153708265,0.2811232818123168,0.944,0.04979959839195493,10.532,1.362761901433996
random,87,4400,14.382221153708265,0.2811232818123168,0.98,0.014142135623730963,10.948,1.0140611421408472
random,88,4450,14.382221153708265,0.2811232818123168,0.972,0.017888543819998333,10.656,0.8025459488403143
random,89,4500,14.382221153708265,0.2811232818123168,0.96,0.020000000000000018,10.464,0.5887953804166607
random,90,4550,14.382221153708265,0.2811232818123168,0.972,0.03346640106136301,10.895999999999999,0.7436934852477869
random,91,4600,14.382221153708265,0.2811232818123168,0.976,0.008944271909999166,10.504,0.7912521721929112
random,92,4650,14.382221153708265,0.2811232818123168,0.972,0.03346640106136301,11.428,0.7955626939468694
random,93,4700,14.382221153708265,0.2811232818123168,0.968,0.02280350850198278,10.212,1.2398870916337505
random,94,4750,14.382221153708265,0.2811232818123168,0.952,0.03346640106136301,9.992,0.8969503888175757
random,95,4800,14.382221153708265,0.2811232818123168,0.972,0.03346640106136301,11.036,0.7185262695267309
random,96,4850,14.315599318122153,0.2835813426479712,0.96,0.05099019513592785,10.484,1.2747862565936299
random,97,4900,14.315599318122153,0.2835813426479712,0.972,0.0268328157299975,10.836,0.9176491704349762
random,98,4950,14.315599318122153,0.2835813426479712,0.952,0.05761944116355173,10.0,0.8596510920134982
random,99,5000,14.315599318122153,0.2835813426479712,0.972,0.02280350850198278,10.372,0.6498615237110137
random,100,5050,14.315599318122153,0.2835813426479712,0.968,0.03346640106136301,10.748,0.2296083622170584
